abiology,
abiophysiology,
acanthochronology,https://en.wikipedia.org/wiki/Acanthochronology
acanthology,
acarology,https://en.wikipedia.org/wiki/Acarology
accentology,https://en.wikipedia.org/wiki/Accentology
aceology,https://en.wikipedia.org/wiki/Aceology
acology,https://en.wikipedia.org/wiki/Acology
acridology,https://en.wikipedia.org/wiki/Acridology
acropathology,
actinobiology,https://en.wikipedia.org/wiki/Actinobiology
actinology,https://en.wikipedia.org/wiki/Actinology
acyrology,
adenology,https://en.wikipedia.org/wiki/Adenology
aedoeology,
aerobiology,https://en.wikipedia.org/wiki/Aerobiology
aerolithology,https://en.wikipedia.org/wiki/Aerolithology
aerogeology,
aerology,https://en.wikipedia.org/wiki/Aerology
aeropalynology,
aetiology,https://en.wikipedia.org/wiki/Aetiology
agathology,https://en.wikipedia.org/wiki/Agathology
agmatology,
agnoiology,https://en.wikipedia.org/wiki/Agnoiology
agnotology,https://en.wikipedia.org/wiki/Agnotology
agriology,https://en.wikipedia.org/wiki/Agriology
agrobiology,https://en.wikipedia.org/wiki/Agrobiology
agroclimatology,
agroecology,https://en.wikipedia.org/wiki/Agroecology
agrogeology,https://en.wikipedia.org/wiki/Agrogeology
agrology,https://en.wikipedia.org/wiki/Agrology
agrometeorology,https://en.wikipedia.org/wiki/Agrometeorology
agrostology,https://en.wikipedia.org/wiki/Agrostology
agrotechnology,https://en.wikipedia.org/wiki/Agrotechnology
aitiology,https://en.wikipedia.org/wiki/Aitiology
albanology,https://en.wikipedia.org/wiki/Albanology
alethiology,https://en.wikipedia.org/wiki/Alethiology
algology,https://en.wikipedia.org/wiki/Algology_(medicine)
alimentology,
allergology,https://en.wikipedia.org/wiki/Allergology
alphabetology,
amphibiology,
amphibology,https://en.wikipedia.org/wiki/Amphibology
anaplastology,https://en.wikipedia.org/wiki/Anaplastology
anarcheology,
anatripsology,
andrology,https://en.wikipedia.org/wiki/Andrology
anemology,https://en.wikipedia.org/wiki/Anemology
anesthesiology,https://en.wikipedia.org/wiki/Anesthesiology
angelology,https://en.wikipedia.org/wiki/Angelology
angiology,https://en.wikipedia.org/wiki/Angiology
angiopathology,
antapology,
anthoecology,
anthology,https://en.wikipedia.org/wiki/Anthology
anthropobiology,https://en.wikipedia.org/wiki/Anthropobiology
anthropology,https://en.wikipedia.org/wiki/Anthropology
anthropomorphology,
anthroposociology,https://en.wikipedia.org/wiki/Anthroposociology
anthrozoology,https://en.wikipedia.org/wiki/Anthrozoology
antitechnology,https://en.wikipedia.org/wiki/Antitechnology
aphasiology,https://en.wikipedia.org/wiki/Aphasiology
aphnology,
apicology,https://en.wikipedia.org/wiki/Apicology
apiology,https://en.wikipedia.org/wiki/Apiology
apology,https://en.wikipedia.org/wiki/Remorse
arachnology,https://en.wikipedia.org/wiki/Arachnology
araneology,https://en.wikipedia.org/wiki/Araneology
archeogeology,
archeology,https://en.wikipedia.org/wiki/Archeology
archeozoology,
archology,https://en.wikipedia.org/wiki/Archology
arcology,https://en.wikipedia.org/wiki/Arcology
areology,https://en.wikipedia.org/wiki/Areology
aretology,https://en.wikipedia.org/wiki/Aretology
aristology,https://en.wikipedia.org/wiki/Aristology
arkeology,https://en.wikipedia.org/wiki/Noah%27s_Ark
armenology,https://en.wikipedia.org/wiki/Armenology
arteriology,
arthrology,https://en.wikipedia.org/wiki/Arthrology
arthropathology,
arthropodology,https://en.wikipedia.org/wiki/Arthropodology
assyriology,https://en.wikipedia.org/wiki/Assyriology
astacology,https://en.wikipedia.org/wiki/Astacology
astheniology,
asthmology,
astroarcheaology,https://en.wikipedia.org/wiki/Archaeoastronomy
astrobiology,https://en.wikipedia.org/wiki/Astrobiology
astrogeology,https://en.wikipedia.org/wiki/Astrogeology
astrolithology,https://en.wikipedia.org/wiki/Astrolithology
astrology,https://en.wikipedia.org/wiki/Astrology
astrometeorology,https://en.wikipedia.org/wiki/Astrometeorology
astroseismology,https://en.wikipedia.org/wiki/Astroseismology
atheology,https://en.wikipedia.org/wiki/Atheology
atmology,
atmospherology,
atomology,
audiology,https://en.wikipedia.org/wiki/Audiology
autecology,https://en.wikipedia.org/wiki/Autecology
autology,https://en.wikipedia.org/wiki/Autology
autonumerology,
auxanology,https://en.wikipedia.org/wiki/Auxanology
auxology,https://en.wikipedia.org/wiki/Auxology
axiology,https://en.wikipedia.org/wiki/Axiology
azoology,
bacteriology,https://en.wikipedia.org/wiki/Bacteriology
balneology,https://en.wikipedia.org/wiki/Balneology
barology,
bascology,
batology,https://en.wikipedia.org/wiki/Batology
batrachology,https://en.wikipedia.org/wiki/Batrachology
battology,
berestology,
bibliology,https://en.wikipedia.org/wiki/Bibliology
biocenology,
bioclimatology,https://en.wikipedia.org/wiki/Bioclimatology
bioecology,https://en.wikipedia.org/wiki/Bioecology
biogerontology,https://en.wikipedia.org/wiki/Biogerontology
biology,https://en.wikipedia.org/wiki/Biology
biometeorology,https://en.wikipedia.org/wiki/Biometeorology
biopsychology,https://en.wikipedia.org/wiki/Biopsychology
biospeleology,https://en.wikipedia.org/wiki/Biospeleology
biotechnology,https://en.wikipedia.org/wiki/Biotechnology
bolloxology,
boxology,https://en.wikipedia.org/wiki/Boxology
brachyology,https://en.wikipedia.org/wiki/Brachyology
bracketology,https://en.wikipedia.org/wiki/Bracketology
brewology,
bromatology,https://en.wikipedia.org/wiki/Bromatology
brontology,https://en.wikipedia.org/wiki/Brontology
bryology,https://en.wikipedia.org/wiki/Bryology
bumpology,https://en.wikipedia.org/wiki/Bumpology
buttonology,
byzantinology,https://en.wikipedia.org/wiki/Byzantinology
cacology,
caliology,https://en.wikipedia.org/wiki/Caliology
campanology,https://en.wikipedia.org/wiki/Campanology
cancerology,
capology,
carabidology,
carcinology,https://en.wikipedia.org/wiki/Carcinology
cardiology,https://en.wikipedia.org/wiki/Cardiology
caricology,https://en.wikipedia.org/wiki/Caricology
cariology,https://en.wikipedia.org/wiki/Cariology
carphology,https://en.wikipedia.org/wiki/Carphology
carpology,https://en.wikipedia.org/wiki/Carpology
cartology,https://en.wikipedia.org/wiki/Cartology
catachronobiology,
cecidiology,
cephalology,
cerealogy,https://en.wikipedia.org/wiki/Cerealogy
cereology,https://en.wikipedia.org/wiki/Cereology
cerebrology,
cetology,https://en.wikipedia.org/wiki/Cetology
chalcidology,
chaology,https://en.wikipedia.org/wiki/Chaology
characterology,https://en.wikipedia.org/wiki/Characterology
cheesology,
cheloniology,https://en.wikipedia.org/wiki/Cheloniology
chemoimmunology,
chessology,
chirology,https://en.wikipedia.org/wiki/Chirology
chondrology,
choreology,https://en.wikipedia.org/wiki/Choreology
chorology,https://en.wikipedia.org/wiki/Chorology
chresmology,https://en.wikipedia.org/wiki/Chresmology
christology,https://en.wikipedia.org/wiki/Christology
chromatology,
chronobiology,https://en.wikipedia.org/wiki/Chronobiology
chronology,https://en.wikipedia.org/wiki/Chronology
chronooncology,
chronopharmacology,https://en.wikipedia.org/wiki/Chronopharmacology
chrysology,
ciliatology,
cinematology,
cirripedology,https://en.wikipedia.org/wiki/Cirripedology
climatology,https://en.wikipedia.org/wiki/Climatology
clinology,
clonology,
clownology,
coalitionology,
coccidology,https://en.wikipedia.org/wiki/Coccidology
codicology,https://en.wikipedia.org/wiki/Codicology
codology,
cognitology,https://en.wikipedia.org/wiki/Cognitology
cohomology,https://en.wikipedia.org/wiki/Cohomology
coleopterology,https://en.wikipedia.org/wiki/Coleopterology
coloproctology,https://en.wikipedia.org/wiki/Coloproctology
cometology,
comitology,https://en.wikipedia.org/wiki/Comitology
complementology,
computerology,https://en.wikipedia.org/wiki/Computerology
conchology,https://en.wikipedia.org/wiki/Conchology
coniology,https://en.wikipedia.org/wiki/Coniology
connectology,
conscientology,
conspiratology,
contrology,https://en.wikipedia.org/wiki/Contrology
coprology,https://en.wikipedia.org/wiki/Coprology
cosmecology,
cosmetology,https://en.wikipedia.org/wiki/Cosmetology
cosmochronology,https://en.wikipedia.org/wiki/Cosmochronology
cosmology,https://en.wikipedia.org/wiki/Cosmology
craniology,https://en.wikipedia.org/wiki/Craniology
crapology,
crenology,
criminology,https://en.wikipedia.org/wiki/Criminology
criteriology,
crustaceology,https://en.wikipedia.org/wiki/Crustaceology
cryobiology,https://en.wikipedia.org/wiki/Cryobiology
cryology,https://en.wikipedia.org/wiki/Cryology
cryopedology,
cryoseismology,
cryptology,https://en.wikipedia.org/wiki/Cryptology
cryptozoology,https://en.wikipedia.org/wiki/Cryptozoology
crystallology,
ctetology,
curiology,
cyclonology,
cyesiology,
cynology,https://en.wikipedia.org/wiki/Cynology
cystology,
cytology,https://en.wikipedia.org/wiki/Cytology
cytomorphology,
cytopathology,https://en.wikipedia.org/wiki/Cytopathology
cytophysiology,
cytotechnology,https://en.wikipedia.org/wiki/Cytotechnology
dacology,https://en.wikipedia.org/wiki/Dacology
dactyliology,
dactylology,https://en.wikipedia.org/wiki/Dactylology
daemonology,https://en.wikipedia.org/wiki/Daemonology
dantology,
defectology,
dekalogy,
deltiology,https://en.wikipedia.org/wiki/Deltiology
demology,
demonology,https://en.wikipedia.org/wiki/Demonology
dendroarcheology,
dendrochronology,https://en.wikipedia.org/wiki/Dendrochronology
dendroclimatology,https://en.wikipedia.org/wiki/Dendroclimatology
dendroecology,
dendrogeomorphology,
dendrohydrology,
dendrology,https://en.wikipedia.org/wiki/Dendrology
dendropyrochronology,https://en.wikipedia.org/wiki/Dendropyrochronology
deontology,https://en.wikipedia.org/wiki/Deontology
dermatology,https://en.wikipedia.org/wiki/Dermatology
dermatoneurology,
dermatopathology,https://en.wikipedia.org/wiki/Dermatopathology
dermatovenerology,
dermonosology,
desmidiology,
desmology,https://en.wikipedia.org/wiki/Desmology
diabetology,https://en.wikipedia.org/wiki/Diabetes
diabology,
dicaeology,
dialectology,https://en.wikipedia.org/wiki/Dialectology
dinosaurology,https://en.wikipedia.org/wiki/Dinosaurology
diplomatology,
dipterology,https://en.wikipedia.org/wiki/Dipterology
dittology,
docimology,
dogmatology,
dosiology,
dosology,
doxology,https://en.wikipedia.org/wiki/Doxology
dracology,
draconology,https://en.wikipedia.org/wiki/Draconology
dragonology,https://en.wikipedia.org/wiki/Dragonology
dramatology,https://en.wikipedia.org/wiki/Dramatology
dravidology,https://en.wikipedia.org/wiki/Dravidology
dronology,https://en.wikipedia.org/wiki/Dronology
duology,https://en.wikipedia.org/wiki/Duology
dysteleology,https://en.wikipedia.org/wiki/Dysteleology
ecclesiology,https://en.wikipedia.org/wiki/Ecclesiology
eccrinology,https://en.wikipedia.org/wiki/Eccrinology
echinology,
ecohydrology,https://en.wikipedia.org/wiki/Ecohydrology
ecology,https://en.wikipedia.org/wiki/Ecology
ecophysiology,https://en.wikipedia.org/wiki/Ecophysiology
ecopsychology,https://en.wikipedia.org/wiki/Ecopsychology
ecotoxicology,https://en.wikipedia.org/wiki/Ecotoxicology
edaphology,https://en.wikipedia.org/wiki/Edaphology
editology,https://en.wikipedia.org/wiki/Editology
eidology,
egyptology,https://en.wikipedia.org/wiki/Egyptology
electrobiology,
electrology,https://en.wikipedia.org/wiki/Electrology
electrophysiology,https://en.wikipedia.org/wiki/Electrophysiology
electrotechnology,https://en.wikipedia.org/wiki/Electrotechnology
emblematology,
embryology,https://en.wikipedia.org/wiki/Embryology
emetology,https://en.wikipedia.org/wiki/Emetology
emmenology,
emotionology,
encephalology,
endemiology,
endocrinology,https://en.wikipedia.org/wiki/Endocrinology
engysseismology,
enigmatology,https://en.wikipedia.org/wiki/Enigmatology
enology,https://en.wikipedia.org/wiki/Enology
enteradenology,
enterology,https://en.wikipedia.org/wiki/Enterology
entomechology,
entomology,https://en.wikipedia.org/wiki/Entomology
entozoology,
entreprenology,
enzymology,https://en.wikipedia.org/wiki/Enzymology
epidemiology,https://en.wikipedia.org/wiki/Epidemiology
epileptology,https://en.wikipedia.org/wiki/Epileptology
epiphytology,
epistemology,https://en.wikipedia.org/wiki/Epistemology
epizootiology,https://en.wikipedia.org/wiki/Epizootiology
equinology,https://en.wikipedia.org/wiki/Equinology
eremology,
ergology,
erotology,
ertology,https://en.wikipedia.org/wiki/Ertology
escapology,https://en.wikipedia.org/wiki/Escapology
eschatology,https://en.wikipedia.org/wiki/Eschatology
eskimology,https://en.wikipedia.org/wiki/Eskimology
esperantology,https://en.wikipedia.org/wiki/Esperantology
esperatology,
ethnoarcheology,https://en.wikipedia.org/wiki/Ethnoarcheology
ethnobiology,https://en.wikipedia.org/wiki/Ethnobiology
ethnocynology,
ethnoecology,https://en.wikipedia.org/wiki/Ethnoecology
ethnology,https://en.wikipedia.org/wiki/Ethnology
ethnomethodology,https://en.wikipedia.org/wiki/Ethnomethodology
ethnomusicology,https://en.wikipedia.org/wiki/Ethnomusicology
ethnomycology,https://en.wikipedia.org/wiki/Ethnomycology
ethnopsychology,https://en.wikipedia.org/wiki/Ethnopsychology
ethology,https://en.wikipedia.org/wiki/Ethology
etiology,https://en.wikipedia.org/wiki/Etiology
etruscology,https://en.wikipedia.org/wiki/Etruscology
etymology,https://en.wikipedia.org/wiki/Etymology
euchology,https://en.wikipedia.org/wiki/Euchology
exoarcheology,https://en.wikipedia.org/wiki/Exoarcheology
exobiology,https://en.wikipedia.org/wiki/Exobiology
exogeology,https://en.wikipedia.org/wiki/Exogeology
exomoonology,https://en.wikipedia.org/wiki/Exomoonology
exoplanetology,https://en.wikipedia.org/wiki/Exoplanetology
fairyology,
faunology,
felinology,https://en.wikipedia.org/wiki/Felinology
fermentology,
ferroequinology,https://en.wikipedia.org/wiki/Ferroequinology
festology,
fetology,https://en.wikipedia.org/wiki/Fetology
filicology,https://en.wikipedia.org/wiki/Filicology
filmology,
flatology,
fluviology,
fluviomorphology,
foliology,
fontology,
formicology,https://en.wikipedia.org/wiki/Formicology
fornicology,
fossilology,
fronology,
fromology,
fuckology,
fungology,https://en.wikipedia.org/wiki/Fungology
futurology,https://en.wikipedia.org/wiki/Futurology
galvanology,
gametology,https://en.wikipedia.org/wiki/Gametology
garbology,https://en.wikipedia.org/wiki/Garbology
gastroenterology,https://en.wikipedia.org/wiki/Gastroenterology
gastrology,https://en.wikipedia.org/wiki/Gastrology
gelotology,https://en.wikipedia.org/wiki/Gelotology
gemology,https://en.wikipedia.org/wiki/Gemology
geneology,https://en.wikipedia.org/wiki/Genealogy
genecology,https://en.wikipedia.org/wiki/Genecology
genesiology,
genethliology,https://en.wikipedia.org/wiki/Genethlialogy
geoarcheology,https://en.wikipedia.org/wiki/Geoarcheology
geobiology,https://en.wikipedia.org/wiki/Geobiology
geochronology,https://en.wikipedia.org/wiki/Geochronology
geoecology,https://en.wikipedia.org/wiki/Geoecology
geohydrology,https://en.wikipedia.org/wiki/Geohydrology
geology,https://en.wikipedia.org/wiki/Geology
geomorphology,https://en.wikipedia.org/wiki/Geomorphology
geomythology,https://en.wikipedia.org/wiki/Geomythology
geotechnology,
geotectology,
gephyrology,
geratology,https://en.wikipedia.org/wiki/Geratology
gerodontology,
gerontology,https://en.wikipedia.org/wiki/Gerontology
ghostology,https://en.wikipedia.org/wiki/Ghostology
gigantology,
gizmology,
glaciology,https://en.wikipedia.org/wiki/Glaciology
glossology,https://en.wikipedia.org/wiki/Glossology
glottochronology,https://en.wikipedia.org/wiki/Glottochronology
glottology,https://en.wikipedia.org/wiki/Glottology
glycobiology,https://en.wikipedia.org/wiki/Glycobiology
glyptology,https://en.wikipedia.org/wiki/Glyptology
gnathology,https://en.wikipedia.org/wiki/Gnathology
gnomology,
gnomonology,
gnoseology,https://en.wikipedia.org/wiki/Gnoseology
gnosiology,https://en.wikipedia.org/wiki/Gnosiology
gnotobiology,
googleology,
googology,https://en.wikipedia.org/wiki/Googology
graminology,https://en.wikipedia.org/wiki/Graminology
grammatology,https://en.wikipedia.org/wiki/Grammatology
graphology,https://en.wikipedia.org/wiki/Graphology
graphopathology,
gynecology,https://en.wikipedia.org/wiki/Gynecology
gynoroentgenology,https://en.wikipedia.org/wiki/Gynoroentgenology
hemorheology,https://en.wikipedia.org/wiki/Hemorheology
hagiology,https://en.wikipedia.org/wiki/Hagiology
hamartiology,https://en.wikipedia.org/wiki/Hamartiology
hamburgerology,
haplology,https://en.wikipedia.org/wiki/Haplology
harmonology,
hauntology,https://en.wikipedia.org/wiki/Hauntology
hedonology,https://en.wikipedia.org/wiki/Hedonology
helcology,
heliology,https://en.wikipedia.org/wiki/Heliology
helioseismology,https://en.wikipedia.org/wiki/Helioseismology
helminthology,https://en.wikipedia.org/wiki/Helminthology
hematology,https://en.wikipedia.org/wiki/Hematology
hemerology,
hemipterology,https://en.wikipedia.org/wiki/Hemipterology
hemopathology,https://en.wikipedia.org/wiki/Hemopathology
henology,https://en.wikipedia.org/wiki/Henology
heortology,https://en.wikipedia.org/wiki/Heortology
hepaticology,https://en.wikipedia.org/wiki/Hepaticology
hepatology,https://en.wikipedia.org/wiki/Hepatology
herbology,https://en.wikipedia.org/wiki/Herbology
heresiology,https://en.wikipedia.org/wiki/Heresiology
herpetology,https://en.wikipedia.org/wiki/Herpetology
heterology,
heteroptology,
heterotopology,
hexicology,
hexiology,
hieroglyphology,https://en.wikipedia.org/wiki/Hieroglyphology
hierology,https://en.wikipedia.org/wiki/Hierology
hippology,https://en.wikipedia.org/wiki/Hippology
hippopathology,
histiology,
histology,https://en.wikipedia.org/wiki/Histology
histopathology,https://en.wikipedia.org/wiki/Histopathology
histophysiology,
historiology,https://en.wikipedia.org/wiki/Historiology
histotechnology,https://en.wikipedia.org/wiki/Histotechnology
hittitology,https://en.wikipedia.org/wiki/Hittitology
hodology,https://en.wikipedia.org/wiki/Hodology_(disambiguation)
homerology,
homoeology,https://en.wikipedia.org/wiki/Homoeology
homology,https://en.wikipedia.org/wiki/Homology_(disambiguation)
hoplology,https://en.wikipedia.org/wiki/Hoplology
hormonology,
horology,https://en.wikipedia.org/wiki/Horology
humorology,https://en.wikipedia.org/wiki/Humorology
hydrobiology,https://en.wikipedia.org/wiki/Hydrobiology
hydroecology,
hydrogeology,https://en.wikipedia.org/wiki/Hydrogeology
hydrology,https://en.wikipedia.org/wiki/Hydrology
hydrometeorology,https://en.wikipedia.org/wiki/Hydrometeorology
hyetology,
hygiology,
hygrology,https://en.wikipedia.org/wiki/Hygrology
hylology,
hymenopterology,
hymnology,https://en.wikipedia.org/wiki/Hymnology
hypertrichology,
hypnology,https://en.wikipedia.org/wiki/Hypnology
iamatology,https://en.wikipedia.org/wiki/Iamatology
iatrology,
ichnolithology,
ichnology,https://en.wikipedia.org/wiki/Ichnology
ichthyology,https://en.wikipedia.org/wiki/Ichthyology
iconology,https://en.wikipedia.org/wiki/Iconology
ideology,https://en.wikipedia.org/wiki/Ideology
idiomatology,
idiomology,
idiopsychology,
imageology,
imagology,https://en.wikipedia.org/wiki/Imagology
immunohematology,https://en.wikipedia.org/wiki/Immunohematology
immunology,https://en.wikipedia.org/wiki/Immunology
immunopathology,https://en.wikipedia.org/wiki/Immunopathology
implantology,https://en.wikipedia.org/wiki/Implantology
indology,https://en.wikipedia.org/wiki/Indology
infectiology,https://en.wikipedia.org/wiki/Infectiology
insectology,https://en.wikipedia.org/wiki/Insectology
informology,
inuitology,https://en.wikipedia.org/wiki/Inuitology
iranology,https://en.wikipedia.org/wiki/Iranology
irenology,https://en.wikipedia.org/wiki/Irenology
iridology,https://en.wikipedia.org/wiki/Iridology
islamology,https://en.wikipedia.org/wiki/Islamology
japanology,https://en.wikipedia.org/wiki/Japanology
jinology,https://en.wikipedia.org/wiki/Jinology
judeology,
kalology,https://en.wikipedia.org/wiki/Kalology
karstology,https://en.wikipedia.org/wiki/Karstology
karyology,https://en.wikipedia.org/wiki/Karyology
kibology,https://en.wikipedia.org/wiki/Kibology
kidology,
killology,https://en.wikipedia.org/wiki/Killology
kinesiology,https://en.wikipedia.org/wiki/Kinesiology
kinology,
knobology,
koniology,https://en.wikipedia.org/wiki/Koniology
kookology,https://en.wikipedia.org/wiki/Kookology
koreanology,https://en.wikipedia.org/wiki/Koreanology
kremlinology,https://en.wikipedia.org/wiki/Kremlinology
ktenology,https://en.wikipedia.org/wiki/Ktenology
kubrickology,https://en.wikipedia.org/wiki/Stanley_Kubrick
kymatology,https://en.wikipedia.org/wiki/Kymatology
kyriology,
labology,
lalopathology,
laryngology,https://en.wikipedia.org/wiki/Laryngology
laryngorhinology,
latrinology,
lectinology,
lemology,https://en.wikipedia.org/wiki/Lemology
lepidopterology,https://en.wikipedia.org/wiki/Lepidopterology
leprology,https://en.wikipedia.org/wiki/Leprology
leptology,
lexicology,https://en.wikipedia.org/wiki/Lexicology
lichenology,https://en.wikipedia.org/wiki/Lichenology
limacology,https://en.wikipedia.org/wiki/Limacology
limnobiology,
limnology,https://en.wikipedia.org/wiki/Limnology
lipsology,
literaturology,
lithoidology,
lithology,https://en.wikipedia.org/wiki/Lithology
liturgiology,
logology,https://en.wikipedia.org/wiki/Logology_(disambiguation)
logyology,
loimology,
ludology,https://en.wikipedia.org/wiki/Ludology
lymphology,https://en.wikipedia.org/wiki/Lymphology
machirology,
macrocosmology,
macroecology,https://en.wikipedia.org/wiki/Macroecology
macrology,
macrometeorology,
macromorphology,
magicology,
magirology,
malacology,https://en.wikipedia.org/wiki/Malacology
malacostracology,https://en.wikipedia.org/wiki/Malacostracology
malariology,https://en.wikipedia.org/wiki/Malariology
mammology,https://en.wikipedia.org/wiki/Mammalogy
mantology,
mapology,https://en.wikipedia.org/wiki/Mapology
mariology,https://en.wikipedia.org/wiki/Mariology
martyrology,https://en.wikipedia.org/wiki/Martyrology
mastology,https://en.wikipedia.org/wiki/Breast
mateology,
mazology,
meconology,
melissopalynology,https://en.wikipedia.org/wiki/Melissopalynology
melittology,https://en.wikipedia.org/wiki/Melittology
mellittology,
membranology,https://en.wikipedia.org/wiki/Membranology
menology,https://en.wikipedia.org/wiki/Menology
mereology,https://en.wikipedia.org/wiki/Mereology
mesology,https://en.wikipedia.org/wiki/Mesology
mesometeorology,https://en.wikipedia.org/wiki/Mesometeorology
metagrobology,https://en.wikipedia.org/wiki/Metagrobology
metapsychology,https://en.wikipedia.org/wiki/Metapsychology
meteorology,https://en.wikipedia.org/wiki/Meteorology
methodology,https://en.wikipedia.org/wiki/Methodology
metrology,https://en.wikipedia.org/wiki/Metrology
miasmology,
microbiology,https://en.wikipedia.org/wiki/Microbiology
microclimatology,
microecology,https://en.wikipedia.org/wiki/Microecology
microhomology,
micrology,
micrometeorology,https://en.wikipedia.org/wiki/Micrometeorology
micromorphology,
micropaleontology,https://en.wikipedia.org/wiki/Micropaleontology
microphytology,
microseismology,
microtechnology,https://en.wikipedia.org/wiki/Microtechnology
minerology,https://en.wikipedia.org/wiki/Mineralogy
misology,https://en.wikipedia.org/wiki/Misology
missiology,https://en.wikipedia.org/wiki/Missiology
mixology,https://en.wikipedia.org/wiki/Bartender
mnesiology,
mobilology,
mociology,
molinology,https://en.wikipedia.org/wiki/Molinology
momilogy,
momiology,
monadology,https://en.wikipedia.org/wiki/Monadology
monology,
monsterology,
montology,https://en.wikipedia.org/wiki/Montology
morology,
morphology,https://en.wikipedia.org/wiki/Morphology_(disambiguation)
morphonology,https://en.wikipedia.org/wiki/Morphonology
muscology,https://en.wikipedia.org/wiki/Muscology
museology,https://en.wikipedia.org/wiki/Museology
musicology,https://en.wikipedia.org/wiki/Musicology
mycetology,https://en.wikipedia.org/wiki/Mycetology
mycology,https://en.wikipedia.org/wiki/Mycology
mycotoxicology,https://en.wikipedia.org/wiki/Mycotoxicology
myology,https://en.wikipedia.org/wiki/Myology
myrmecology,https://en.wikipedia.org/wiki/Myrmecology
mythology,https://en.wikipedia.org/wiki/Mythology
nanotechnology,https://en.wikipedia.org/wiki/Nanotechnology
nanotribology,https://en.wikipedia.org/wiki/Nanotribology
naology,
narratology,https://en.wikipedia.org/wiki/Narratology
nasology,
nassology,
necrology,https://en.wikipedia.org/wiki/Necrology
nematology,https://en.wikipedia.org/wiki/Nematology
neoichnology,https://en.wikipedia.org/wiki/Neoichnology
neology,https://en.wikipedia.org/wiki/Neology
neonatology,https://en.wikipedia.org/wiki/Neonatology
neossology,
nephology,https://en.wikipedia.org/wiki/Nephology
nephrology,https://en.wikipedia.org/wiki/Nephrology
nerterology,
nessology,https://en.wikipedia.org/wiki/Nessology
neurobiology,https://en.wikipedia.org/wiki/Neurobiology
neuroendocrinology,https://en.wikipedia.org/wiki/Neuroendocrinology
neuroethology,https://en.wikipedia.org/wiki/Neuroethology
neurohypnology,
neurology,https://en.wikipedia.org/wiki/Neurology
neuropathology,https://en.wikipedia.org/wiki/Neuropathology
neuropharmacology,https://en.wikipedia.org/wiki/Neuropharmacology
neurophysiology,https://en.wikipedia.org/wiki/Neurophysiology
neuropsychology,https://en.wikipedia.org/wiki/Neuropsychology
neuropterology,
neuroradiology,https://en.wikipedia.org/wiki/Neuroradiology
neurypnology,
nidology,
nomology,https://en.wikipedia.org/wiki/Nomology
nongeology,
noology,https://en.wikipedia.org/wiki/Noology
noospherology,https://en.wikipedia.org/wiki/Noospherology
nosetiology,
nosology,https://en.wikipedia.org/wiki/Nosology
nostology,
numerology,https://en.wikipedia.org/wiki/Numerology
numismatology,https://en.wikipedia.org/wiki/Numismatology
nymphology,
oceanology,https://en.wikipedia.org/wiki/Oceanology
octology,
odonatology,https://en.wikipedia.org/wiki/Odonatology
odontology,https://en.wikipedia.org/wiki/Odontology
oecology,https://en.wikipedia.org/wiki/Oecology
oenology,https://en.wikipedia.org/wiki/Oenology
ohnology,https://en.wikipedia.org/wiki/Ohnology
oikology,
oinology,https://en.wikipedia.org/wiki/Oinology
olfactology,
oligochaetology,
ology,https://en.wiktionary.org/wiki/ology
ombrology,
omenology,
omnibology,
omphalology,
oncology,https://en.wikipedia.org/wiki/Oncology
oneirology,https://en.wikipedia.org/wiki/Oneirology
onology,
onomasiology,https://en.wikipedia.org/wiki/Onomasiology
onomatology,https://en.wikipedia.org/wiki/Onomatology
ontology,https://en.wikipedia.org/wiki/Ontology
onychology,
onychopathology,
oology,https://en.wikipedia.org/wiki/Oology
ophidiology,https://en.wikipedia.org/wiki/Ophidiology
ophiology,https://en.wikipedia.org/wiki/Ophiology
ophthalmology,https://en.wikipedia.org/wiki/Ophthalmology
opsonology,
optology,
orchidology,https://en.wikipedia.org/wiki/Orchidology
oreology,
organology,https://en.wikipedia.org/wiki/Organology
orismology,https://en.wikipedia.org/wiki/Orismology
ornithology,https://en.wikipedia.org/wiki/Ornithology
orology,https://en.wikipedia.org/wiki/Orology
orrhology,
orthology,https://en.wikipedia.org/wiki/Orthology_(disambiguation)
orthopterology,https://en.wikipedia.org/wiki/Orthopterology
oryctology,
osmology,
osphresiology,
osteology,https://en.wikipedia.org/wiki/Osteology
osteopathology,
otolaryngology,https://en.wikipedia.org/wiki/Otolaryngology
otology,https://en.wikipedia.org/wiki/Otology
otorhinolaryngology,https://en.wikipedia.org/wiki/Otorhinolaryngology
ourology,
ovology,
pachydermatology,
paedology,https://en.wikipedia.org/wiki/Paedology
paidonosology,
paleoalgology,https://en.wikipedia.org/wiki/Paleoalgology
paleoanthropology,https://en.wikipedia.org/wiki/Paleoanthropology
paleobiology,https://en.wikipedia.org/wiki/Paleobiology
paleoclimatology,https://en.wikipedia.org/wiki/Paleoclimatology
paleodendrology,
paleoecology,https://en.wikipedia.org/wiki/Paleoecology
paleoentomology,https://en.wikipedia.org/wiki/Paleoentomology
paleoethnology,
paleoetiology,
paleogeology,https://en.wikipedia.org/wiki/Paleogeology
paleohydrology,https://en.wikipedia.org/wiki/Paleohydrology
paleoichnology,https://en.wikipedia.org/wiki/Paleoichnology
paleoichthyology,https://en.wikipedia.org/wiki/Paleoichthyology
paleolimnology,https://en.wikipedia.org/wiki/Paleolimnology
paleology,
paleometeorology,
paleontology,https://en.wikipedia.org/wiki/Paleontology
paleoornithology,
paleoosteology,
paleopathology,https://en.wikipedia.org/wiki/Paleopathology
paleopedology,https://en.wikipedia.org/wiki/Paleopedology
paleophycology,https://en.wikipedia.org/wiki/Paleophycology
paleophytology,https://en.wikipedia.org/wiki/Paleophytology
paleotempestology,https://en.wikipedia.org/wiki/Paleotempestology
paleozoology,https://en.wikipedia.org/wiki/Paleozoology
palynology,https://en.wikipedia.org/wiki/Palynology
pantheology,
pantology,
papyrology,https://en.wikipedia.org/wiki/Papyrology
paradoxology,https://en.wikipedia.org/wiki/Paradoxology
parapsychology,https://en.wikipedia.org/wiki/Parapsychology
parasitology,https://en.wikipedia.org/wiki/Parasitology
parisology,
paroemiology,
parology,https://en.wikipedia.org/wiki/Paralogy
paromology,
parthenology,
pathobiology,https://en.wikipedia.org/wiki/Pathobiology
pathology,https://en.wikipedia.org/wiki/Pathology
pathophysiology,https://en.wikipedia.org/wiki/Pathophysiology
patrology,https://en.wikipedia.org/wiki/Patrology
pedology,
pekingology,https://en.wikipedia.org/wiki/Pekingology
pelology,
penology,https://en.wikipedia.org/wiki/Penology
pentology,https://en.wikipedia.org/wiki/Pentology
perinatology,https://en.wikipedia.org/wiki/Perinatology
periodontology,https://en.wikipedia.org/wiki/Periodontology
perissology,
personology,https://en.wikipedia.org/wiki/Personology_(disambiguation)
pestology,
petrogeology,
petrology,https://en.wikipedia.org/wiki/Petrology
phaenology,
phagology,
phallology,
phantasmology,
phantomology,
pharmacoendocrinology,
pharmacoenvironmentology,https://en.wikipedia.org/wiki/Pharmacoenvironmentology
pharmacology,https://en.wikipedia.org/wiki/Pharmacology
pharology,https://en.wikipedia.org/wiki/Pharology
pharyngology,
phenology,https://en.wikipedia.org/wiki/Phenology
phenomenology,https://en.wikipedia.org/wiki/Phenomenology_(disambiguation)
pherology,
philematology,https://en.wikipedia.org/wiki/Philematology
philology,https://en.wikipedia.org/wiki/Philology
phlebology,https://en.wikipedia.org/wiki/Phlebology
phonology,https://en.wikipedia.org/wiki/Phonology
phorology,
photobiology,https://en.wikipedia.org/wiki/Photobiology
photoecology,
photogeology,
photogeomorphology,
photology,
phraseology,https://en.wikipedia.org/wiki/Phraseology
phrenology,https://en.wikipedia.org/wiki/Phrenology
phthisiology,https://en.wikipedia.org/wiki/Phthisiology
phycology,https://en.wikipedia.org/wiki/Phycology
physicology,
physiology,https://en.wikipedia.org/wiki/Physiology
physiopathology,https://en.wikipedia.org/wiki/Physiopathology
phytobacteriology,
phytolithology,
phytology,https://en.wikipedia.org/wiki/Phytology
phytomorphology,https://en.wikipedia.org/wiki/Phytomorphology
phytonematology,
phytopaleontology,https://en.wikipedia.org/wiki/Phytopaleontology
phytopathology,https://en.wikipedia.org/wiki/Phytopathology
phytopharmacology,https://en.wikipedia.org/wiki/Phytopharmacology
phytophenology,
phytophysiology,https://en.wikipedia.org/wiki/Phytophysiology
phytosociology,https://en.wikipedia.org/wiki/Phytosociology
phytovirology,
pimpology,
piscatology,
pisteology,
pistology,
placentology,
planetology,https://en.wikipedia.org/wiki/Planetology
plangonology,
planktology,https://en.wikipedia.org/wiki/Planktology
plutology,
pneumatology,https://en.wikipedia.org/wiki/Pneumatology
pneumology,https://en.wikipedia.org/wiki/Pneumology
pneumonology,https://en.wikipedia.org/wiki/Pneumonology
podology,https://en.wikipedia.org/wiki/Podology
poenology,
pogonology,https://en.wikipedia.org/wiki/Pogonology
polemology,https://en.wikipedia.org/wiki/Polemology
politicology,https://en.wikipedia.org/wiki/Politicology
politology,https://en.wikipedia.org/wiki/Politology
polychaetology,
pomology,https://en.wikipedia.org/wiki/Pomology
ponerology,https://en.wikipedia.org/wiki/Ponerology
posology,https://en.wikipedia.org/wiki/Posology
potamology,https://en.wikipedia.org/wiki/Potamology
praxeology,https://en.wikipedia.org/wiki/Praxeology
primatology,https://en.wikipedia.org/wiki/Primatology
proctology,https://en.wikipedia.org/wiki/Proctology
projectiology,
promenadology,
promorphology,
protistology,https://en.wikipedia.org/wiki/Protistology
protoanthropology,
protoarcheology,
protozoology,https://en.wikipedia.org/wiki/Protozoology
psephology,https://en.wikipedia.org/wiki/Psephology
pseudology,
psilology,
psychobiology,https://en.wikipedia.org/wiki/Psychobiology
psychoneuroimmunology,https://en.wikipedia.org/wiki/Psychoneuroimmunology
psychology,https://en.wikipedia.org/wiki/Psychology
psychopathology,https://en.wikipedia.org/wiki/Psychopathology
phsychopharmacology,
psychopharmacology,https://en.wikipedia.org/wiki/Psychopharmacology
psychophysiology,https://en.wikipedia.org/wiki/Psychophysiology
psychosociology,https://en.wikipedia.org/wiki/Psychosociology
psychotechnology,
pteridology,https://en.wikipedia.org/wiki/Pteridology
pterylology,
ptochology,
pulmonology,https://en.wikipedia.org/wiki/Pulmonology
punnology,
pyramidology,https://en.wikipedia.org/wiki/Pyramidology
pyretology,
pyrgology,
pyritology,
pyrology,
quinology,
quintology,https://en.wikipedia.org/wiki/Quintology
rabdology,https://en.wikipedia.org/wiki/Rabdology
raciology,https://en.wikipedia.org/wiki/Raciology
radarmeteorology,
radiobiology,https://en.wikipedia.org/wiki/Radiobiology
radioecology,https://en.wikipedia.org/wiki/Radioecology
radiogeology,https://en.wikipedia.org/wiki/Radiogeology
radiohydrology,
radioimmunology,
radiology,https://en.wikipedia.org/wiki/Radiology
radiotechnology,
reactology,
redology,https://en.wikipedia.org/wiki/Redology
reflexology,https://en.wikipedia.org/wiki/Reflexology
respirology,https://en.wikipedia.org/wiki/Respirology
rhabdology,https://en.wikipedia.org/wiki/Rhabdology
rheology,https://en.wikipedia.org/wiki/Rheology
rhematology,
rheumatology,https://en.wikipedia.org/wiki/Rheumatology
rhinology,https://en.wikipedia.org/wiki/Rhinology
ribozymology,
rickettsiology,
ripperology,https://en.wikipedia.org/wiki/Ripperology
roentgenology,https://en.wikipedia.org/wiki/Roentgenology
röntgenology,
rumorology,
rumpology,https://en.wikipedia.org/wiki/Rumpology
runology,https://en.wikipedia.org/wiki/Runology
saprobiology,
sarcology,
satanology,
scatology,https://en.wikipedia.org/wiki/Scatology
scelerology,
scientology,https://en.wikipedia.org/wiki/Scientology
scolecology,
sedimentology,https://en.wikipedia.org/wiki/Sedimentology
seismology,https://en.wikipedia.org/wiki/Seismology
selenology,https://en.wikipedia.org/wiki/Selenology
selenomorphology,
semantology,
semasiology,https://en.wikipedia.org/wiki/Semasiology
sematology,
semiology,https://en.wikipedia.org/wiki/Semiology
senology,
serology,https://en.wikipedia.org/wiki/Serology
serpentology,https://en.wikipedia.org/wiki/Serpentology
sexology,https://en.wikipedia.org/wiki/Sexology
siagonology,
sialosemeiology,
sindhology,https://en.wikipedia.org/wiki/Sindhology
sindonology,https://en.wikipedia.org/wiki/Sindonology
sinology,https://en.wikipedia.org/wiki/Sinology
siphonapterology,
sitiology,https://en.wikipedia.org/wiki/Sitiology
sitology,https://en.wikipedia.org/wiki/Sitology
skatology,
sociobiology,https://en.wikipedia.org/wiki/Sociobiology
socioecology,https://en.wikipedia.org/wiki/Socioecology
sociology,https://en.wikipedia.org/wiki/Sociology
sociophysiology,https://en.wikipedia.org/wiki/Sociophysiology
somatology,https://en.wikipedia.org/wiki/Somatology
somatotypology,https://en.wikipedia.org/wiki/Somatotypology
somnology,https://en.wikipedia.org/wiki/Somnology
sonology,https://en.wikipedia.org/wiki/Sonology
sophiology,https://en.wikipedia.org/wiki/Sophiology
sophology,
soteriology,https://en.wikipedia.org/wiki/Soteriology
sovietology,https://en.wikipedia.org/wiki/Sovietology
spectrology,https://en.wikipedia.org/wiki/Spectrology
speleology,https://en.wikipedia.org/wiki/Speleology
spermology,https://en.wikipedia.org/wiki/Spermology
sphagnology,
sphygmology,
spinology,
splanchnology,https://en.wikipedia.org/wiki/Splanchnology
splenology,
spongiology,https://en.wikipedia.org/wiki/Spongiology
sporalogy,
stasiology,
stemmatology,https://en.wikipedia.org/wiki/Stemmatology
stereology,https://en.wikipedia.org/wiki/Stereology
stichology,
stigmeology,https://en.wikipedia.org/wiki/Stigmeology
stœchiology,
stomatology,https://en.wikipedia.org/wiki/Stomatology
storiology,
strabismology,
stringology,https://en.wikipedia.org/wiki/Stringology
strollology,https://en.wikipedia.org/wiki/Strollology
stromatology,
stygobiology,
suicidology,https://en.wikipedia.org/wiki/Suicidology
sumerology,https://en.wikipedia.org/wiki/Sumerology
switchology,
symbiology,https://en.wikipedia.org/wiki/Symbiology
symbology,https://en.wikipedia.org/wiki/Symbology
symbolology,
symptomatology,https://en.wikipedia.org/wiki/Symptomatology
symptomology,https://en.wikipedia.org/wiki/Symptomology
synchronology,
syndesmology,https://en.wikipedia.org/wiki/Syndesmology
synechology,
synecology,https://en.wikipedia.org/wiki/Synecology
synoecology,
synosteology,
syphilology,https://en.wikipedia.org/wiki/Syphilology
systematology,
systemology,https://en.wikipedia.org/wiki/Systemology
tangutology,https://en.wikipedia.org/wiki/Tangutology
tartarology,
tautology,https://en.wikipedia.org/wiki/Tautology_(disambiguation)
taxology,https://en.wikipedia.org/wiki/Taxology
technicology,https://en.wikipedia.org/wiki/Technicology
technology,https://en.wikipedia.org/wiki/Technology
tectology,https://en.wikipedia.org/wiki/Tectology
tegestology,https://en.wikipedia.org/wiki/Tegestology
teleology,https://en.wikipedia.org/wiki/Teleology
teleseismology,
telmatology,https://en.wikipedia.org/wiki/Telmatology
tenontology,
tephrochronology,https://en.wikipedia.org/wiki/Tephrochronology
teratology,https://en.wikipedia.org/wiki/Teratology
terminology,https://en.wikipedia.org/wiki/Terminology
terotechnology,https://en.wikipedia.org/wiki/Terotechnology
testaceology,
testudinology,https://en.wikipedia.org/wiki/Testudinology
tetrology,https://en.wikipedia.org/wiki/Tetralogy
teuthology,https://en.wikipedia.org/wiki/Teuthology
textology,https://en.wikipedia.org/wiki/Textology
thanatology,https://en.wikipedia.org/wiki/Thanatology
thaumatology,https://en.wikipedia.org/wiki/Thaumatology
theology,https://en.wikipedia.org/wiki/Theology
thereology,
theriogenology,https://en.wikipedia.org/wiki/Theriogenology
theriology,https://en.wikipedia.org/wiki/Theriology
thermoecology,
thermology,https://en.wikipedia.org/wiki/Thermology
thermopathology,
therology,https://en.wikipedia.org/wiki/Therology
thracology,https://en.wikipedia.org/wiki/Thracology
thremmatology,
threpsology,
thymology,https://en.wikipedia.org/wiki/Thymology
tibetology,https://en.wikipedia.org/wiki/Tibetology
tidology,
timbrology,
timology,
tocology,https://en.wikipedia.org/wiki/Tocology
tokology,https://en.wikipedia.org/wiki/Tokology
tonology,https://en.wikipedia.org/wiki/Tonology
topology,https://en.wikipedia.org/wiki/Topology
toxicology,https://en.wikipedia.org/wiki/Toxicology
toxology,
trachelology,
transitology,https://en.wikipedia.org/wiki/Transitology
traumatology,https://en.wikipedia.org/wiki/Traumatology
traumatopsychology,
treeology,
tribology,https://en.wikipedia.org/wiki/Tribology
trichology,https://en.wikipedia.org/wiki/Trichology
trilobitology,
trolleyology,https://en.wikipedia.org/wiki/Trolleyology
trophology,https://en.wikipedia.org/wiki/Trophology
tropology,https://en.wikipedia.org/wiki/Tropology
truthology,
tsiganology,
tsiology,
turkology,https://en.wikipedia.org/wiki/Turkology
typhlology,
typology,https://en.wikipedia.org/wiki/Typology_(disambiguation)
typtology,
ufology,https://en.wikipedia.org/wiki/Ufology
universology,https://en.wikipedia.org/wiki/Universology
uranology,https://en.wikipedia.org/wiki/Uranology
urbanology,https://en.wikipedia.org/wiki/Urbanology
uredinology,
urenology,
urinology,
urogynecology,https://en.wikipedia.org/wiki/Urogynecology
urolithology,
urology,https://en.wikipedia.org/wiki/Urology
uronology,
vaccinology,https://en.wikipedia.org/wiki/Vaccinology
valeology,
vaticanology,https://en.wikipedia.org/wiki/Vaticanology
velology,https://en.wikipedia.org/wiki/Velology
venereology,https://en.wikipedia.org/wiki/Venereology
venology,
vermeology,
vexillology,https://en.wikipedia.org/wiki/Vexillology
victimology,https://en.wikipedia.org/wiki/Victimology
vietnamology,https://en.wikipedia.org/wiki/Vietnamology
vinology,
virology,https://en.wikipedia.org/wiki/Virology
vitaminology,
vocology,https://en.wikipedia.org/wiki/Vocology
volcanology,https://en.wikipedia.org/wiki/Volcanology
vulcanology,https://en.wikipedia.org/wiki/Vulcanology
vulvology,
webology,https://en.wikipedia.org/wiki/Webology
woodpeckerology,
wordology,
xenoanthropology,
xenoarcheology,https://en.wikipedia.org/wiki/Xenoarcheology
xenobiology,https://en.wikipedia.org/wiki/Xenobiology
xenodochionology,
xenology,https://en.wikipedia.org/wiki/Xenology
xenozoology,
xylology,https://en.wikipedia.org/wiki/Xylology
zooarcheology,https://en.wikipedia.org/wiki/Zooarcheology
zoogeology,
zoology,https://en.wikipedia.org/wiki/Zoology
zoonosology,
zoopathology,https://en.wikipedia.org/wiki/Zoopathology
zoophysiology,
zoophytology,
zoopsychology,
zygology,
zymology,https://en.wikipedia.org/wiki/Zymology
zymotechnology,
zythology,https://en.wikipedia.org/wiki/Zythology
-ology,https://en.wiktionary.org/wiki/-ology
